symbol,company_name,as_of_date,sector,sub_sector,board,is_event_90d,event_date,event_category,already_flagged,data_complete,feature_max_source_date,raw_revenue,raw_earnings,raw_total_equity,raw_total_liabilities,raw_total_assets,raw_total_debt,raw_operating_cash_flow,raw_free_cash_flow,raw_report_date,raw_close,raw_volume,raw_market_cap,raw_free_float,lapor_jarak_hari,lapor_terlambat,tanpa_pendapatan,ekuitas_negatif,utang_terhadap_aset,ako_negatif_berturut,hari_tanpa_transaksi_90d,rasio_volume_30_90,hari_di_batas_bawah_90d,turun_dari_puncak_90d,volatilitas_90d,free_float_rendah
BBCA.JK,PT Bank Central Asia Tbk.,2026-07-15,Financials,Banks,Main,0,,,0,1,2026-07-15,28677339000000.0,14861321000000.0,270667746000000,1379511881000000,1660579336000000,,-15658754000000.0,-16453704000000.0,2026-06-30,6125,140824900,747509084437500,,15,0,0.0,0,0.8307413268931585,1,0,0.942878313613025,0,0.027777777777777776,0.027681032600424645,
TLKM.JK,PT Telkom Indonesia (Persero) Tbk,2026-07-15,Infrastructures,Telecommunication,Main,0,,,0,1,2026-07-15,38689000000000.0,6279000000000.0,134848000000000,168239000000000,303087000000000,56915000000000.0,17572000000000.0,11317000000000.0,2026-06-30,2520,142706600,249636785832000,,15,0,0.0,0,0.5550848436257576,0,0,0.9986813926394962,0,0.14864864864864866,0.026684686682287753,
ASII.JK,Astra International Tbk,2026-07-15,Industrials,Multi-sector Holdings,Main,0,,,0,1,2026-07-15,79245000000000.0,6683000000000.0,289844000000000,224673000000000,514517000000000,119090000000000.0,9980000000000.0,7082000000000.0,2026-06-30,4850,37729500,196345232729000,,15,0,0.0,0,0.43666778745891777,0,0,0.975156471825659,0,0.016227180527383367,0.024129468829527743,
AMMN.JK,PT Amman Mineral Internasional Tbk.,2026-07-15,Basic Materials,Basic Materials,Main,0,,,0,1,2026-07-15,13732936650720.0,2722562272140.0,94870592355600,143273384112480,238143976468080,110786062912260.0,3289192602240.0,1690559055360.0,2026-03-31,3760,77265900,272668498386560,,106,1,0.0,0,0.6016250599211939,0,0,0.9329240371183375,0,0.06,0.045209707676804066,
IMPC.JK,PT Impack Pratama Industri Tbk,2026-07-15,Industrials,Industrial Goods,Main,0,,,0,1,2026-07-15,1289965716265.0,243898051256.0,3413006148968,1911646326302,5324652475270,1060939124233.0,271762241515.0,154982281413.0,2026-06-30,1455,6675100,79889685000000,,15,0,0.0,0,0.35901804581247626,0,0,0.9434177424621838,0,0.18487394957983194,0.03724636430167777,
AADI.JK,PT Adaro Andalan Indonesia Tbk,2026-07-15,Energy,"Oil, Gas & Coal",Main,0,,,0,1,2026-07-15,26891529196000.0,5919682573000.0,70419659821000,42728474901000,113148134722000,12581189201000.0,7241595319000.0,6361036115000.0,2026-06-30,8475,7447900,65993907666000,,15,0,0.0,0,0.37763304720826363,0,0,0.9668018706088408,0,0.0,0.014275622983660188,
MGLV.JK,PT Panca Anugrah Wisesa Tbk,2026-07-15,Consumer Cyclicals,Household Goods,Acceleration,0,2026-09-09,A,0,1,2026-07-15,,,114233933519,69809832851,184043766370,7625053.0,,,2026-06-30,8000,82600,15239067288000,,15,0,,0,0.37931104230205176,0,0,0.9595801845944326,0,0.09090909090909091,0.038572008921578596,
SOHO.JK,PT Soho Global Health Tbk,2026-07-15,Healthcare,Pharmaceuticals & Health Care Research,Development,0,,,0,1,2026-07-15,2726781000000.0,183064000000.0,2454603000000,3139705000000,5594308000000,4504000000.0,324210000000.0,316783000000.0,2026-06-30,1200,19600,15230018868000,,15,0,0.0,0,0.561232059443277,0,0,0.9627422713439052,0,0.02834008097165992,0.034323236366125456,
BELI.JK,PT Global Digital Niaga Tbk,2026-07-15,Technology,Software & IT Services,New Economy,0,,,0,1,2026-07-15,6995135000000.0,-408352000000.0,9336174000000,9414947000000,18751121000000,3702772000000.0,-71356000000.0,-144340000000.0,2026-06-30,262,746500,35951374250518,,15,0,0.0,0,0.5021004877521723,4,0,0.9817682846851573,0,0.13815789473684212,0.024960624440475455,
SRAJ.JK,Sejahteraraya Anugrahjaya Tbk,2026-07-15,Healthcare,Healthcare Equipment & Providers,Main,0,,,0,1,2026-07-15,657127000000.0,-154081000000.0,1091118000000,6530636000000,7621754000000,4262967000000.0,90941000000.0,-155705000000.0,2026-06-30,11000,10700,134628559890000,,15,0,0.0,0,0.8568416141481344,0,0,1.0225507778404577,0,0.05172413793103448,0.038424755271425165,
BRPT.JK,Barito Pacific Tbk,2026-07-15,Basic Materials,Basic Materials,Main,0,,,0,1,2026-07-15,55767627916000.0,1790061091000.0,116231165876000,222987460304000,339218626180000,153428599191000.0,2561024718000.0,-1392953877000.0,2026-06-30,1690,93453400,158432798494360,,15,0,0.0,0,0.6573561800397006,0,0,0.9664444417186264,0,0.05056179775280899,0.05930861420581571,
TPIA.JK,PT Chandra Asri Pacific Tbk,2026-07-15,Basic Materials,Basic Materials,Development,0,,,0,1,2026-07-15,52713056172000.0,2454078193000.0,88856274185000,157543632988000,246399907173000,105799861363000.0,3593045260000.0,-707905450000.0,2026-06-30,1910,293212000,165237051125720,,15,0,0.0,0,0.6393818682625839,0,0,0.9225378455177994,0,0.09905660377358491,0.05072203951889721,
UDNG.JK,PT Agro Bahari Nusantara Tbk,2026-07-15,Consumer Non-Cyclicals,Food & Beverage,Acceleration,0,2026-09-16,A,1,1,2026-07-15,,,48190746814,6954165453,55144912267,,,,2026-06-30,1340,654300,2345053696480,,15,0,,0,0.12610710883588683,0,0,1.0,0,0.2853333333333333,0.06809239111751669,
PACK.JK,PT Abadi Nusantara Hijau Investama Tbk,2026-07-15,Basic Materials,Basic Materials,Acceleration,0,2026-09-01,A,0,1,2026-07-15,,,5194540056633,73912838529,5268452895162,817362404.0,,,2026-06-30,206,127099600,6670264495410,,15,0,,0,0.01402932511684291,0,0,1.0,0,0.20155038759689922,0.03621285722443895,
MDIA.JK,PT Intermedia Capital Tbk,2026-07-15,Consumer Cyclicals,Media & Entertainment,Watchlist,0,2026-08-13,A,1,1,2026-07-15,141716426000.0,-8280082000.0,935495254000,2194222124000,3129717378000,3299889000.0,33342610000.0,31858578000.0,2026-03-31,69,42422700,2705872149600,,106,1,0.0,0,0.7010927374541996,0,0,1.0,0,0.0547945205479452,0.06294861746171283,
LUCY.JK,PT Lima Dua Lima Tiga Tbk,2026-07-15,Consumer Cyclicals,Consumer Services,Acceleration,0,2026-07-17,A,1,1,2026-07-15,,,21071931970,47909736398,68981668368,1101724170.0,,,2026-06-30,372,7410900,563495888196,,15,0,,0,0.6945285252077915,0,0,1.0,0,0.7772455089820359,0.04929522957785752,
MLPT.JK,PT Multipolar Technology Tbk,2026-07-15,Technology,Software & IT Services,Development,0,,,1,1,2026-07-15,938883000000.0,107929000000.0,745801000000,2990887000000,3736688000000,214118000000.0,73746000000.0,61837000000.0,2026-06-30,825,2902500,38718750000000,,15,0,0.0,0,0.8004112197753732,0,0,1.0,0,0.0,0.061108417113124806,
INET.JK,PT Sinergi Inti Andalan Prima Tbk,2026-07-15,Infrastructures,Telecommunication,Development,0,,,0,1,2026-07-15,383603471565.0,13658452028.0,3732955579367,1957595840407,5690551419774,1531576615350.0,1117195280.0,-432274458503.0,2026-03-31,214,267292800,4788070552440,,106,1,0.0,0,0.3440081102869194,0,0,1.0,0,0.01834862385321101,0.05289710935097832,
MINA.JK,PT Sanurhasta Mitra Tbk,2026-07-15,Consumer Cyclicals,Consumer Services,Watchlist,0,,,1,1,2026-07-15,2245525100.0,312813236.0,250610826355,3039806857,253650633212,,315801422.0,-593887632.0,2026-06-30,274,45250900,2697187500000,,15,0,0.0,0,0.011984227354399482,0,0,1.0,0,0.09271523178807947,0.047473116876693956,
BBCA.JK,PT Bank Central Asia Tbk.,2026-07-31,Financials,Banks,Main,0,,,0,1,2026-07-31,28677339000000.0,14861321000000.0,270667746000000,1379511881000000,1660579336000000,,-15658754000000.0,-16453704000000.0,2026-06-30,6325,153174800,771917544337500,,31,0,0.0,0,0.8307413268931585,1,0,0.8356400038641054,0,0.03065134099616858,0.024909445432459144,
TLKM.JK,PT Telkom Indonesia (Persero) Tbk,2026-07-31,Infrastructures,Telecommunication,Main,0,,,0,1,2026-07-31,38689000000000.0,6279000000000.0,134848000000000,168239000000000,303087000000000,56915000000000.0,17572000000000.0,11317000000000.0,2026-06-30,2630,91987400,260533629658000,,31,0,0.0,0,0.5550848436257576,0,0,0.7458879660553273,0,0.11148648648648649,0.025813408777083848,
ASII.JK,Astra International Tbk,2026-07-31,Industrials,Multi-sector Holdings,Main,0,,,0,1,2026-07-31,79245000000000.0,6683000000000.0,289844000000000,224673000000000,514517000000000,119090000000000.0,9980000000000.0,7082000000000.0,2026-06-30,5100,46139800,206466121014000,,31,0,0.0,0,0.43666778745891777,0,0,0.827420531500949,0,0.009708737864077669,0.02281255977940744,
AMMN.JK,PT Amman Mineral Internasional Tbk.,2026-07-31,Basic Materials,Basic Materials,Main,0,,,0,1,2026-07-31,13732936650720.0,2722562272140.0,94870592355600,143273384112480,238143976468080,110786062912260.0,3289192602240.0,1690559055360.0,2026-03-31,4100,92470900,297324692389600,,122,1,0.0,0,0.6016250599211939,0,0,0.8651053840846027,0,0.04428904428904429,0.04034415818490068,
IMPC.JK,PT Impack Pratama Industri Tbk,2026-07-31,Industrials,Industrial Goods,Main,0,,,0,1,2026-07-31,1289965716265.0,243898051256.0,3413006148968,1911646326302,5324652475270,1060939124233.0,271762241515.0,154982281413.0,2026-06-30,1545,5664800,84831315000000,,31,0,0.0,0,0.35901804581247626,0,0,0.7110447378181417,0,0.13445378151260504,0.03529939540565329,
AADI.JK,PT Adaro Andalan Indonesia Tbk,2026-07-31,Energy,"Oil, Gas & Coal",Main,0,,,0,1,2026-07-31,26891529196000.0,5919682573000.0,70419659821000,42728474901000,113148134722000,12581189201000.0,7241595319000.0,6361036115000.0,2026-06-30,9225,13958300,71834076486000,,31,0,0.0,0,0.37763304720826363,0,0,0.6937978851866301,0,0.005390835579514825,0.01714874811951094,
MGLV.JK,PT Panca Anugrah Wisesa Tbk,2026-07-31,Consumer Cyclicals,Household Goods,Acceleration,0,2026-09-09,A,0,1,2026-07-31,,,114233933519,69809832851,184043766370,7625053.0,,,2026-06-30,8350,116400,15905776481850,,31,0,,0,0.37931104230205176,0,0,0.8756907203226221,0,0.05113636363636364,0.033324580997554934,
SOHO.JK,PT Soho Global Health Tbk,2026-07-31,Healthcare,Pharmaceuticals & Health Care Research,Development,0,,,0,1,2026-07-31,2726781000000.0,183064000000.0,2454603000000,3139705000000,5594308000000,4504000000.0,324210000000.0,316783000000.0,2026-06-30,1200,192000,15230018868000,,31,0,0.0,0,0.561232059443277,0,0,1.2744425385934819,0,0.02834008097165992,0.027893262291821572,
BELI.JK,PT Global Digital Niaga Tbk,2026-07-31,Technology,Software & IT Services,New Economy,0,,,0,1,2026-07-31,6995135000000.0,-408352000000.0,9336174000000,9414947000000,18751121000000,3702772000000.0,-71356000000.0,-144340000000.0,2026-06-30,256,539800,35128060336384,,31,0,0.0,0,0.5021004877521723,4,0,1.2213084987705947,0,0.15789473684210525,0.020513389620784445,
SRAJ.JK,Sejahteraraya Anugrahjaya Tbk,2026-07-31,Healthcare,Healthcare Equipment & Providers,Main,0,,,0,1,2026-07-31,657127000000.0,-154081000000.0,1091118000000,6530636000000,7621754000000,4262967000000.0,90941000000.0,-155705000000.0,2026-06-30,12050,4400,147479467879500,,31,0,0.0,0,0.8568416141481344,0,0,0.1493568160234827,0,0.0,0.03239912422076186,
BRPT.JK,Barito Pacific Tbk,2026-07-31,Basic Materials,Basic Materials,Main,0,,,0,1,2026-07-31,55767627916000.0,1790061091000.0,116231165876000,222987460304000,339218626180000,153428599191000.0,2561024718000.0,-1392953877000.0,2026-06-30,1845,162512500,172963617291180,,31,0,0.0,0,0.6573561800397006,0,0,0.9938013136220529,0,0.008064516129032258,0.04944332873990869,
TPIA.JK,PT Chandra Asri Pacific Tbk,2026-07-31,Basic Materials,Basic Materials,Development,0,,,0,1,2026-07-31,52713056172000.0,2454078193000.0,88856274185000,157543632988000,246399907173000,105799861363000.0,3593045260000.0,-707905450000.0,2026-06-30,2160,266975100,186864937398720,,31,0,0.0,0,0.6393818682625839,0,0,0.8694796689665306,0,0.05263157894736842,0.047483437849063906,
UDNG.JK,PT Agro Bahari Nusantara Tbk,2026-07-31,Consumer Non-Cyclicals,Food & Beverage,Acceleration,0,2026-09-16,A,1,1,2026-07-31,,,48190746814,6954165453,55144912267,,,,2026-06-30,1070,1462500,1872542877040,,31,0,,0,0.12610710883588683,0,0,0.7474672896241681,0,0.42933333333333334,0.0549681492430476,
PACK.JK,PT Abadi Nusantara Hijau Investama Tbk,2026-07-31,Basic Materials,Basic Materials,Acceleration,0,2026-09-01,A,0,1,2026-07-31,,,5194540056633,73912838529,5268452895162,817362404.0,,,2026-06-30,248,275994200,8030847906280,,31,0,,0,0.01402932511684291,0,0,1.155099487774333,0,0.03875968992248062,0.043425470439346005,
MDIA.JK,PT Intermedia Capital Tbk,2026-07-31,Consumer Cyclicals,Media & Entertainment,Watchlist,0,2026-08-13,A,1,1,2026-07-31,141716426000.0,-8280082000.0,935495254000,2194222124000,3129717378000,3299889000.0,33342610000.0,31858578000.0,2026-03-31,191,1136885000,7490167834400,,122,1,0.0,0,0.7010927374541996,0,0,1.3408627523485654,0,0.0,0.09721378109935419,
LUCY.JK,PT Lima Dua Lima Tiga Tbk,2026-07-31,Consumer Cyclicals,Consumer Services,Acceleration,0,,,1,1,2026-07-31,,,21071931970,47909736398,68981668368,1101724170.0,,,2026-06-30,244,11641100,369604829892,,31,0,,0,0.6945285252077915,0,1,1.37366487798406,0,0.8538922155688623,0.05421140657965682,
MLPT.JK,PT Multipolar Technology Tbk,2026-07-31,Technology,Software & IT Services,Development,0,,,1,1,2026-07-31,938883000000.0,107929000000.0,745801000000,2990887000000,3736688000000,214118000000.0,73746000000.0,61837000000.0,2026-06-30,1925,29312000,90234375000000,,31,0,0.0,0,0.8004112197753732,0,0,1.43306937853853,0,0.0,0.1029335358335287,
INET.JK,PT Sinergi Inti Andalan Prima Tbk,2026-07-31,Infrastructures,Telecommunication,Development,0,,,0,1,2026-07-31,383603471565.0,13658452028.0,3732955579367,1957595840407,5690551419774,1531576615350.0,1117195280.0,-432274458503.0,2026-03-31,234,219299400,5235763700232,,122,1,0.0,0,0.3440081102869194,0,0,1.1185702008229415,0,0.01680672268907563,0.04777904809239231,
MINA.JK,PT Sanurhasta Mitra Tbk,2026-07-31,Consumer Cyclicals,Consumer Services,Watchlist,0,,,1,1,2026-07-31,2245525100.0,312813236.0,250610826355,3039806857,253650633212,,315801422.0,-593887632.0,2026-06-30,272,79214900,2677500000000,,31,0,0.0,0,0.011984227354399482,0,0,1.0628908268837791,0,0.09933774834437085,0.041850966159764934,
BBCA.JK,PT Bank Central Asia Tbk.,2026-08-15,Financials,Banks,Main,0,,,0,1,2026-08-14,28677339000000.0,14861321000000.0,270667746000000,1379511881000000,1660579336000000,,-15658754000000.0,-16453704000000.0,2026-06-30,6350,56953500,774968601825000,,46,1,0.0,0,0.8307413268931585,1,0,0.7757482227491121,0,0.02681992337164751,0.022585253747241626,
TLKM.JK,PT Telkom Indonesia (Persero) Tbk,2026-08-15,Infrastructures,Telecommunication,Main,0,,,0,1,2026-08-14,38689000000000.0,6279000000000.0,134848000000000,168239000000000,303087000000000,56915000000000.0,17572000000000.0,11317000000000.0,2026-06-30,2620,80799200,259543007492000,,46,1,0.0,0,0.5550848436257576,0,0,0.8007545870480816,0,0.11486486486486487,0.025166723793845342,
ASII.JK,Astra International Tbk,2026-08-15,Industrials,Multi-sector Holdings,Main,0,,,0,1,2026-08-14,79245000000000.0,6683000000000.0,289844000000000,224673000000000,514517000000000,119090000000000.0,9980000000000.0,7082000000000.0,2026-06-30,4780,31883200,193511384009200,,46,1,0.0,0,0.43666778745891777,0,0,0.9025179888456086,0,0.07184466019417475,0.021202135363183407,
AMMN.JK,PT Amman Mineral Internasional Tbk.,2026-08-15,Basic Materials,Basic Materials,Main,0,,,0,1,2026-08-14,13732936650720.0,2722562272140.0,94870592355600,143273384112480,238143976468080,110786062912260.0,3289192602240.0,1690559055360.0,2026-03-31,4270,47216700,309652789391120,,137,1,0.0,0,0.6016250599211939,0,0,0.9656863900507539,0,0.033936651583710405,0.03737518652674394,
IMPC.JK,PT Impack Pratama Industri Tbk,2026-08-15,Industrials,Industrial Goods,Main,0,,,0,1,2026-08-14,1289965716265.0,243898051256.0,3413006148968,1911646326302,5324652475270,1060939124233.0,271762241515.0,154982281413.0,2026-06-30,1405,5125800,77144335000000,,46,1,0.0,0,0.35901804581247626,0,0,0.8174962055044716,0,0.21288515406162464,0.03438006458232102,
AADI.JK,PT Adaro Andalan Indonesia Tbk,2026-08-15,Energy,"Oil, Gas & Coal",Main,0,,,0,1,2026-08-14,26891529196000.0,5919682573000.0,70419659821000,42728474901000,113148134722000,12581189201000.0,7241595319000.0,6361036115000.0,2026-06-30,9425,10679400,73391454838000,,46,1,0.0,0,0.37763304720826363,0,0,0.7909313099800337,0,0.0,0.01795902525007471,
MGLV.JK,PT Panca Anugrah Wisesa Tbk,2026-08-15,Consumer Cyclicals,Household Goods,Acceleration,0,2026-09-09,A,0,1,2026-08-14,,,114233933519,69809832851,184043766370,7625053.0,,,2026-06-30,9975,2688600,19001212024725,,46,1,,0,0.37931104230205176,0,0,1.5318783044423456,0,0.0,0.03847693507087855,
SOHO.JK,PT Soho Global Health Tbk,2026-08-15,Healthcare,Pharmaceuticals & Health Care Research,Development,0,,,0,1,2026-08-14,2726781000000.0,183064000000.0,2454603000000,3139705000000,5594308000000,4504000000.0,324210000000.0,316783000000.0,2026-06-30,1175,33100,14912726808250,,46,1,0.0,0,0.561232059443277,0,0,1.3079613173113505,0,0.048582995951417005,0.024623249827498358,
BELI.JK,PT Global Digital Niaga Tbk,2026-08-15,Technology,Software & IT Services,New Economy,0,,,0,1,2026-08-14,6995135000000.0,-408352000000.0,9336174000000,9414947000000,18751121000000,3702772000000.0,-71356000000.0,-144340000000.0,2026-06-30,270,1354300,37049126136030,,46,1,0.0,0,0.5021004877521723,4,0,1.4975519103498722,0,0.1118421052631579,0.020439319548545394,
SRAJ.JK,Sejahteraraya Anugrahjaya Tbk,2026-08-15,Healthcare,Healthcare Equipment & Providers,Main,0,,,0,1,2026-08-14,657127000000.0,-154081000000.0,1091118000000,6530636000000,7621754000000,4262967000000.0,90941000000.0,-155705000000.0,2026-06-30,15000,2500,183584399850000,,46,1,0.0,0,0.8568416141481344,0,1,0.14466493430824015,0,0.0,0.0369130104322102,
BRPT.JK,Barito Pacific Tbk,2026-08-15,Basic Materials,Basic Materials,Main,0,,,0,1,2026-08-14,55767627916000.0,1790061091000.0,116231165876000,222987460304000,339218626180000,153428599191000.0,2561024718000.0,-1392953877000.0,2026-06-30,1870,90082200,175307297742280,,46,1,0.0,0,0.6573561800397006,0,0,0.9470005099757071,0,0.041025641025641026,0.04589601463246379,
TPIA.JK,PT Chandra Asri Pacific Tbk,2026-08-15,Basic Materials,Basic Materials,Development,0,,,0,1,2026-08-14,52713056172000.0,2454078193000.0,88856274185000,157543632988000,246399907173000,105799861363000.0,3593045260000.0,-707905450000.0,2026-06-30,2010,426815200,173888205634920,,46,1,0.0,0,0.6393818682625839,0,0,1.0110611598782238,0,0.11842105263157894,0.04489821709148751,
UDNG.JK,PT Agro Bahari Nusantara Tbk,2026-08-15,Consumer Non-Cyclicals,Food & Beverage,Acceleration,0,2026-09-16,A,1,1,2026-08-14,,,48190746814,6954165453,55144912267,,,,2026-06-30,1300,1067100,2275052093600,,46,1,,0,0.12610710883588683,0,0,0.7528746190138199,0,0.30666666666666664,0.058366919826239504,
PACK.JK,PT Abadi Nusantara Hijau Investama Tbk,2026-08-15,Basic Materials,Basic Materials,Acceleration,0,2026-09-01,A,0,1,2026-08-14,,,5194540056633,73912838529,5268452895162,817362404.0,,,2026-06-30,296,276164800,10093611714200,,46,1,,0,0.01402932511684291,0,0,1.435404369956234,0,0.0,0.045642194407493814,
MDIA.JK,PT Intermedia Capital Tbk,2026-08-15,Consumer Cyclicals,Media & Entertainment,Watchlist,0,,,1,1,2026-08-14,141716426000.0,-8280082000.0,935495254000,2194222124000,3129717378000,3299889000.0,33342610000.0,31858578000.0,2026-03-31,280,0,10980350752000,,137,1,0.0,0,0.7010927374541996,0,3,1.7441402825208299,0,0.0,0.09067530733936742,
LUCY.JK,PT Lima Dua Lima Tiga Tbk,2026-08-15,Consumer Cyclicals,Consumer Services,Acceleration,0,,,1,1,2026-08-14,,,21071931970,47909736398,68981668368,1101724170.0,,,2026-06-30,286,19287500,433225333398,,46,1,,0,0.6945285252077915,0,1,1.5719111402272823,0,0.8287425149700599,0.06736875528266134,
MLPT.JK,PT Multipolar Technology Tbk,2026-08-15,Technology,Software & IT Services,Development,0,,,1,1,2026-08-14,938883000000.0,107929000000.0,745801000000,2990887000000,3736688000000,214118000000.0,73746000000.0,61837000000.0,2026-06-30,1415,2305600,66328125000000,,46,1,0.0,0,0.8004112197753732,0,0,1.9506195976240885,0,0.2649350649350649,0.09540572190105066,
INET.JK,PT Sinergi Inti Andalan Prima Tbk,2026-08-15,Infrastructures,Telecommunication,Development,0,,,0,1,2026-08-14,383603471565.0,13658452028.0,3732955579367,1957595840407,5690551419774,1531576615350.0,1117195280.0,-432274458503.0,2026-03-31,234,230066400,5235811198488,,137,1,0.0,0,0.3440081102869194,0,0,1.1447652499018548,0,0.01680672268907563,0.044885073070338274,
MINA.JK,PT Sanurhasta Mitra Tbk,2026-08-15,Consumer Cyclicals,Consumer Services,Watchlist,0,,,1,1,2026-08-14,2245525100.0,312813236.0,250610826355,3039806857,253650633212,,315801422.0,-593887632.0,2026-06-30,266,25017600,2618437500000,,46,1,0.0,0,0.011984227354399482,0,0,1.040114746165701,0,0.11920529801324503,0.03795864560019521,
BBCA.JK,PT Bank Central Asia Tbk.,2026-08-31,Financials,Banks,Main,0,,,0,1,2026-08-31,28677339000000.0,14861321000000.0,270667746000000,1379511881000000,1660579336000000,,-15658754000000.0,-16453704000000.0,2026-06-30,6475,230904500,790223889262500,,62,1,0.0,0,0.8307413268931585,1,0,0.6049297231314267,0,0.007662835249042145,0.020815055696147132,
TLKM.JK,PT Telkom Indonesia (Persero) Tbk,2026-08-31,Infrastructures,Telecommunication,Main,0,,,0,1,2026-08-31,38689000000000.0,6279000000000.0,134848000000000,168239000000000,303087000000000,56915000000000.0,17572000000000.0,11317000000000.0,2026-06-30,2600,204591800,257561763160000,,62,1,0.0,0,0.5550848436257576,0,0,0.7858887424206682,0,0.12162162162162163,0.023069845010942207,
ASII.JK,Astra International Tbk,2026-08-31,Industrials,Multi-sector Holdings,Main,0,,,0,1,2026-08-31,79245000000000.0,6683000000000.0,289844000000000,224673000000000,514517000000000,119090000000000.0,9980000000000.0,7082000000000.0,2026-06-30,4800,79688700,194321055072000,,62,1,0.0,0,0.43666778745891777,0,0,0.8961315553932984,0,0.06796116504854369,0.019416441096611534,
AMMN.JK,PT Amman Mineral Internasional Tbk.,2026-08-31,Basic Materials,Basic Materials,Main,0,,,0,1,2026-08-31,13732936650720.0,2722562272140.0,94870592355600,143273384112480,238143976468080,110786062912260.0,3289192602240.0,1690559055360.0,2026-03-31,4330,53452700,314003882450480,,153,1,0.0,0,0.6016250599211939,0,0,0.8381689884450166,0,0.03777777777777778,0.03622268428527635,
IMPC.JK,PT Impack Pratama Industri Tbk,2026-08-31,Industrials,Industrial Goods,Main,0,,,0,1,2026-08-31,1289965716265.0,243898051256.0,3413006148968,1911646326302,5324652475270,1060939124233.0,271762241515.0,154982281413.0,2026-06-30,1380,12281300,75771660000000,,62,1,0.0,0,0.35901804581247626,0,0,0.8974670547063986,0,0.226890756302521,0.03708158816041075,
AADI.JK,PT Adaro Andalan Indonesia Tbk,2026-08-31,Energy,"Oil, Gas & Coal",Main,0,,,0,1,2026-08-31,26891529196000.0,5919682573000.0,70419659821000,42728474901000,113148134722000,12581189201000.0,7241595319000.0,6361036115000.0,2026-06-30,10825,15204800,84293103302000,,62,1,0.0,0,0.37763304720826363,0,0,0.8311390622766265,0,0.0,0.01996155599547648,
MGLV.JK,PT Panca Anugrah Wisesa Tbk,2026-08-31,Consumer Cyclicals,Household Goods,Acceleration,0,2026-09-09,A,0,1,2026-08-31,,,114233933519,69809832851,184043766370,7625053.0,,,2026-06-30,12225,1515100,23287199699475,,62,1,,0,0.37931104230205176,0,0,2.235153644556656,0,0.0,0.03645109056675026,
SOHO.JK,PT Soho Global Health Tbk,2026-08-31,Healthcare,Pharmaceuticals & Health Care Research,Development,0,,,0,1,2026-08-31,2726781000000.0,183064000000.0,2454603000000,3139705000000,5594308000000,4504000000.0,324210000000.0,316783000000.0,2026-06-30,1195,19700,15166560456050,,62,1,0.0,0,0.561232059443277,0,0,0.8215178229964789,0,0.032388663967611336,0.022618745424379597,
BELI.JK,PT Global Digital Niaga Tbk,2026-08-31,Technology,Software & IT Services,New Economy,0,,,0,1,2026-08-31,6995135000000.0,-408352000000.0,9336174000000,9414947000000,18751121000000,3702772000000.0,-71356000000.0,-144340000000.0,2026-06-30,262,810900,35951374250518,,62,1,0.0,0,0.5021004877521723,4,0,1.819914840564583,0,0.13815789473684212,0.01915607754561537,
SRAJ.JK,Sejahteraraya Anugrahjaya Tbk,2026-08-31,Healthcare,Healthcare Equipment & Providers,Main,0,,,0,1,2026-08-31,657127000000.0,-154081000000.0,1091118000000,6530636000000,7621754000000,4262967000000.0,90941000000.0,-155705000000.0,2026-06-30,13700,5700,167673751863000,,62,1,0.0,0,0.8568416141481344,0,1,0.12900331173183105,0,0.08666666666666667,0.041234822995282916,
BRPT.JK,Barito Pacific Tbk,2026-08-31,Basic Materials,Basic Materials,Main,0,,,0,1,2026-08-31,55767627916000.0,1790061091000.0,116231165876000,222987460304000,339218626180000,153428599191000.0,2561024718000.0,-1392953877000.0,2026-06-30,1785,120064100,167338784208540,,62,1,0.0,0,0.6573561800397006,0,0,0.7223781119315785,0,0.08461538461538462,0.04340531655745151,
TPIA.JK,PT Chandra Asri Pacific Tbk,2026-08-31,Basic Materials,Basic Materials,Development,0,,,0,1,2026-08-31,52713056172000.0,2454078193000.0,88856274185000,157543632988000,246399907173000,105799861363000.0,3593045260000.0,-707905450000.0,2026-06-30,1955,130464400,169130070654860,,62,1,0.0,0,0.6393818682625839,0,0,0.7487629340036442,0,0.1425438596491228,0.042543274423339744,
UDNG.JK,PT Agro Bahari Nusantara Tbk,2026-08-31,Consumer Non-Cyclicals,Food & Beverage,Acceleration,0,2026-09-16,A,1,1,2026-08-31,,,48190746814,6954165453,55144912267,,,,2026-06-30,1430,2285500,2502557302960,,62,1,,0,0.12610710883588683,0,0,1.0239342832651692,0,0.23733333333333334,0.05756385928162523,
PACK.JK,PT Abadi Nusantara Hijau Investama Tbk,2026-08-31,Basic Materials,Basic Materials,Acceleration,0,2026-09-01,A,1,1,2026-08-31,,,5194540056633,73912838529,5268452895162,817362404.0,,,2026-06-30,560,237278600,19099432111760,,62,1,,0,0.01402932511684291,0,1,1.7432880665910708,0,0.0,0.05260696880514217,
MDIA.JK,PT Intermedia Capital Tbk,2026-08-31,Consumer Cyclicals,Media & Entertainment,Watchlist,0,,,1,1,2026-08-31,141716426000.0,-8280082000.0,935495254000,2194222124000,3129717378000,3299889000.0,33342610000.0,31858578000.0,2026-03-31,264,39874200,10352902137600,,153,1,0.0,0,0.7010927374541996,0,7,0.968869332803065,0,0.05714285714285714,0.08828235547746356,
LUCY.JK,PT Lima Dua Lima Tiga Tbk,2026-08-31,Consumer Cyclicals,Consumer Services,Acceleration,0,,,1,1,2026-08-31,,,21071931970,47909736398,68981668368,1101724170.0,,,2026-06-30,406,159789000,614998200558,,62,1,,0,0.6945285252077915,0,1,2.2043150003998195,0,0.7568862275449102,0.07013650273724284,
MLPT.JK,PT Multipolar Technology Tbk,2026-08-31,Technology,Software & IT Services,Development,0,,,1,1,2026-08-31,938883000000.0,107929000000.0,745801000000,2990887000000,3736688000000,214118000000.0,73746000000.0,61837000000.0,2026-06-30,1275,3683400,59765625000000,,62,1,0.0,0,0.8004112197753732,0,0,0.34374882904558585,0,0.33766233766233766,0.09024918249162377,
INET.JK,PT Sinergi Inti Andalan Prima Tbk,2026-08-31,Infrastructures,Telecommunication,Development,0,,,0,1,2026-08-31,383603471565.0,13658452028.0,3732955579367,1957595840407,5690551419774,1531576615350.0,1117195280.0,-432274458503.0,2026-03-31,350,916587400,7831590320050,,153,1,0.0,0,0.3440081102869194,0,0,1.93169483952447,0,0.0,0.05951595729756367,
MINA.JK,PT Sanurhasta Mitra Tbk,2026-08-31,Consumer Cyclicals,Consumer Services,Watchlist,0,,,1,1,2026-08-31,2245525100.0,312813236.0,250610826355,3039806857,253650633212,,315801422.0,-593887632.0,2026-06-30,272,37360700,2677500000000,,62,1,0.0,0,0.011984227354399482,0,0,0.8235926264168821,0,0.09933774834437085,0.03636730421823466,
BBCA.JK,PT Bank Central Asia Tbk.,2026-09-11,Financials,Banks,Main,0,,,0,1,2026-09-11,28677339000000.0,14861321000000.0,270667746000000,1379511881000000,1660579336000000,,-15658754000000.0,-16453704000000.0,2026-06-30,6325,187922700,771917544337500,0.44642,73,1,0.0,0,0.8307413268931585,1,0,0.7152169156882757,0,0.06642066420664207,0.02005737053740135,0.0
TLKM.JK,PT Telkom Indonesia (Persero) Tbk,2026-09-11,Infrastructures,Telecommunication,Main,0,,,0,1,2026-09-11,38689000000000.0,6279000000000.0,134848000000000,168239000000000,303087000000000,56915000000000.0,17572000000000.0,11317000000000.0,2026-06-30,2600,88455300,257561763160000,0.4165,73,1,0.0,0,0.5550848436257576,0,0,0.7882656646846965,0,0.12162162162162163,0.02151956027552001,0.0
ASII.JK,Astra International Tbk,2026-09-11,Industrials,Multi-sector Holdings,Main,0,,,0,1,2026-09-11,79245000000000.0,6683000000000.0,289844000000000,224673000000000,514517000000000,119090000000000.0,9980000000000.0,7082000000000.0,2026-06-30,4910,42109400,198774245917400,0.4842,73,1,0.0,0,0.43666778745891777,0,0,0.9178177185312536,0,0.04660194174757282,0.019683867976144485,0.0
AMMN.JK,PT Amman Mineral Internasional Tbk.,2026-09-11,Basic Materials,Basic Materials,Main,0,,,0,1,2026-09-11,13732936650720.0,2722562272140.0,94870592355600,143273384112480,238143976468080,110786062912260.0,3289192602240.0,1690559055360.0,2026-03-31,4860,89519400,352438537808160,0.25257,164,1,0.0,0,0.6016250599211939,0,0,0.7697482765570817,0,0.010183299389002037,0.03528908856570398,0.0
IMPC.JK,PT Impack Pratama Industri Tbk,2026-09-11,Industrials,Industrial Goods,Main,0,,,0,1,2026-09-11,1289965716265.0,243898051256.0,3413006148968,1911646326302,5324652475270,1060939124233.0,271762241515.0,154982281413.0,2026-06-30,1720,29712200,94440040000000,0.2223,73,1,0.0,0,0.35901804581247626,0,0,1.4337424126444356,0,0.036414565826330535,0.03906610985020856,0.0
AADI.JK,PT Adaro Andalan Indonesia Tbk,2026-09-11,Energy,"Oil, Gas & Coal",Main,0,,,0,1,2026-09-11,26891529196000.0,5919682573000.0,70419659821000,42728474901000,113148134722000,12581189201000.0,7241595319000.0,6361036115000.0,2026-06-30,12225,10693500,95194751766000,0.18383,73,1,0.0,0,0.37763304720826363,0,0,1.1272435745454938,0,0.018072289156626505,0.021385121373382023,0.0
MGLV.JK,PT Panca Anugrah Wisesa Tbk,2026-09-11,Consumer Cyclicals,Household Goods,Acceleration,0,,,1,1,2026-09-11,,,114233933519,69809832851,184043766370,7625053.0,,,2026-06-30,15250,1932800,29049472017750,0.2422,73,1,,0,0.37931104230205176,0,1,2.238236171327145,0,0.0,0.04146650920984452,0.0
SOHO.JK,PT Soho Global Health Tbk,2026-09-11,Healthcare,Pharmaceuticals & Health Care Research,Development,0,,,0,1,2026-09-11,2726781000000.0,183064000000.0,2454603000000,3139705000000,5594308000000,4504000000.0,324210000000.0,316783000000.0,2026-06-30,1605,177200,20370150235950,0.09242,73,1,0.0,0,0.561232059443277,0,0,2.33542109956473,0,0.11813186813186813,0.04796427894126519,0.0
BELI.JK,PT Global Digital Niaga Tbk,2026-09-11,Technology,Software & IT Services,New Economy,0,,,0,1,2026-09-11,6995135000000.0,-408352000000.0,9336174000000,9414947000000,18751121000000,3702772000000.0,-71356000000.0,-144340000000.0,2026-06-30,296,1168500,40616819763944,0.23806,73,1,0.0,0,0.5021004877521723,4,0,2.468759451031324,0,0.270935960591133,0.05219602654160568,0.0
SRAJ.JK,Sejahteraraya Anugrahjaya Tbk,2026-09-11,Healthcare,Healthcare Equipment & Providers,Main,0,,,0,1,2026-09-11,657127000000.0,-154081000000.0,1091118000000,6530636000000,7621754000000,4262967000000.0,90941000000.0,-155705000000.0,2026-06-30,15600,10100,190927775844000,0.17232,73,1,0.0,0,0.8568416141481344,0,1,0.13872829337390483,0,0.0,0.04621724842725307,0.0
BRPT.JK,Barito Pacific Tbk,2026-09-11,Basic Materials,Basic Materials,Main,0,,,0,1,2026-09-11,55767627916000.0,1790061091000.0,116231165876000,222987460304000,339218626180000,153428599191000.0,2561024718000.0,-1392953877000.0,2026-06-30,1700,46176900,159370270674800,0.2859,73,1,0.0,0,0.6573561800397006,0,0,0.49385750361932784,0,0.1282051282051282,0.040338145172386417,0.0
TPIA.JK,PT Chandra Asri Pacific Tbk,2026-09-11,Basic Materials,Basic Materials,Development,0,,,0,1,2026-09-11,52713056172000.0,2454078193000.0,88856274185000,157543632988000,246399907173000,105799861363000.0,3593045260000.0,-707905450000.0,2026-06-30,1880,197416800,162641704772960,0.29412,73,1,0.0,0,0.6393818682625839,0,0,0.5718766338795093,0,0.17543859649122806,0.039572861429416,0.0
UDNG.JK,PT Agro Bahari Nusantara Tbk,2026-09-11,Consumer Non-Cyclicals,Food & Beverage,Acceleration,0,2026-09-16,A,1,1,2026-09-11,,,48190746814,6954165453,55144912267,,,,2026-06-30,595,8224400,1041273842840,0.4901,73,1,,0,0.12610710883588683,0,0,2.156772357689099,0,0.6826666666666666,0.06247318886110188,0.0
PACK.JK,PT Abadi Nusantara Hijau Investama Tbk,2026-09-11,Basic Materials,Basic Materials,Acceleration,0,,,1,1,2026-09-11,,,5194540056633,73912838529,5268452895162,817362404.0,,,2026-06-30,560,0,19103170380560,0.3819,73,1,,0,0.01402932511684291,0,10,1.4568079826595102,0,0.0,0.048764577498874626,0.0
MDIA.JK,PT Intermedia Capital Tbk,2026-09-11,Consumer Cyclicals,Media & Entertainment,Watchlist,0,,,1,1,2026-09-11,141716426000.0,-8280082000.0,935495254000,2194222124000,3129717378000,3299889000.0,33342610000.0,31858578000.0,2026-03-31,216,258275900,8470556294400,0.12543,164,1,0.0,0,0.7010927374541996,0,7,0.6801570799811739,0,0.22857142857142856,0.08967888906651883,0.0
LUCY.JK,PT Lima Dua Lima Tiga Tbk,2026-09-11,Consumer Cyclicals,Consumer Services,Acceleration,0,,,1,1,2026-09-11,,,21071931970,47909736398,68981668368,1101724170.0,,,2026-06-30,388,247516700,587732270484,0.3968,73,1,,0,0.6945285252077915,0,1,2.5948255273415843,0,0.7676646706586826,0.07422340504988002,0.0
MLPT.JK,PT Multipolar Technology Tbk,2026-09-11,Technology,Software & IT Services,Development,0,,,1,1,2026-09-11,938883000000.0,107929000000.0,745801000000,2990887000000,3736688000000,214118000000.0,73746000000.0,61837000000.0,2026-06-30,1185,1178000,55546875000000,0.1505,73,1,0.0,0,0.8004112197753732,0,0,0.27390518485109483,0,0.38441558441558443,0.08368200137382155,0.0
INET.JK,PT Sinergi Inti Andalan Prima Tbk,2026-09-11,Infrastructures,Telecommunication,Development,0,,,0,1,2026-09-11,383603471565.0,13658452028.0,3732955579367,1957595840407,5690551419774,1531576615350.0,1117195280.0,-432274458503.0,2026-03-31,344,668427500,7697892247592,0.40229,164,1,0.0,0,0.3440081102869194,0,0,2.2279934262862753,0,0.060109289617486336,0.056122750865905,0.0
MINA.JK,PT Sanurhasta Mitra Tbk,2026-09-11,Consumer Cyclicals,Consumer Services,Watchlist,0,,,1,1,2026-09-11,2245525100.0,312813236.0,250610826355,3039806857,253650633212,,315801422.0,-593887632.0,2026-06-30,274,55116400,2697187500000,0.4451,73,1,0.0,0,0.011984227354399482,0,0,0.8957540535502877,0,0.09271523178807947,0.03404246398564635,0.0
BBCA.JK,PT Bank Central Asia Tbk.,2026-09-16,Financials,Banks,Main,0,,,0,1,2026-09-11,28677339000000.0,14861321000000.0,270667746000000,1379511881000000,1660579336000000,,-15658754000000.0,-16453704000000.0,2026-06-30,6325,187922700,771917544337500,0.44642,78,1,0.0,0,0.8307413268931585,1,0,0.8057441811420843,0,0.06642066420664207,0.019535419342169093,0.0
TLKM.JK,PT Telkom Indonesia (Persero) Tbk,2026-09-16,Infrastructures,Telecommunication,Main,0,,,0,1,2026-09-11,38689000000000.0,6279000000000.0,134848000000000,168239000000000,303087000000000,56915000000000.0,17572000000000.0,11317000000000.0,2026-06-30,2600,88455300,257561763160000,0.4165,78,1,0.0,0,0.5550848436257576,0,0,0.8273494943055002,0,0.06810035842293907,0.018249702485862048,0.0
ASII.JK,Astra International Tbk,2026-09-16,Industrials,Multi-sector Holdings,Main,0,,,0,1,2026-09-11,79245000000000.0,6683000000000.0,289844000000000,224673000000000,514517000000000,119090000000000.0,9980000000000.0,7082000000000.0,2026-06-30,4910,42109400,198774245917400,0.4842,78,1,0.0,0,0.43666778745891777,0,0,0.9553786552536223,0,0.04660194174757282,0.019993705914904958,0.0
AMMN.JK,PT Amman Mineral Internasional Tbk.,2026-09-16,Basic Materials,Basic Materials,Main,0,,,0,1,2026-09-11,13732936650720.0,2722562272140.0,94870592355600,143273384112480,238143976468080,110786062912260.0,3289192602240.0,1690559055360.0,2026-03-31,4860,89519400,352438537808160,0.25257,169,1,0.0,0,0.6016250599211939,0,0,0.8186729876213612,0,0.010183299389002037,0.03424522147552822,0.0
IMPC.JK,PT Impack Pratama Industri Tbk,2026-09-16,Industrials,Industrial Goods,Main,0,,,0,1,2026-09-11,1289965716265.0,243898051256.0,3413006148968,1911646326302,5324652475270,1060939124233.0,271762241515.0,154982281413.0,2026-06-30,1720,29712200,94440040000000,0.2095,78,1,0.0,0,0.35901804581247626,0,0,1.5499848788011135,0,0.036414565826330535,0.03883782688138718,0.0
AADI.JK,PT Adaro Andalan Indonesia Tbk,2026-09-16,Energy,"Oil, Gas & Coal",Main,0,,,0,1,2026-09-11,26891529196000.0,5919682573000.0,70419659821000,42728474901000,113148134722000,12581189201000.0,7241595319000.0,6361036115000.0,2026-06-30,12225,10693500,95194751766000,0.18383,78,1,0.0,0,0.37763304720826363,0,0,1.1825865548586836,0,0.018072289156626505,0.02122837383431765,0.0
MGLV.JK,PT Panca Anugrah Wisesa Tbk,2026-09-16,Consumer Cyclicals,Household Goods,Acceleration,0,,,1,1,2026-09-11,,,114233933519,69809832851,184043766370,7625053.0,,,2026-06-30,15250,1932800,29049472017750,0.2422,78,1,,0,0.37931104230205176,0,1,2.042103467039558,0,0.0,0.04251707944572975,0.0
SOHO.JK,PT Soho Global Health Tbk,2026-09-16,Healthcare,Pharmaceuticals & Health Care Research,Development,0,,,0,1,2026-09-11,2726781000000.0,183064000000.0,2454603000000,3139705000000,5594308000000,4504000000.0,324210000000.0,316783000000.0,2026-06-30,1605,177200,20370150235950,0.09242,78,1,0.0,0,0.561232059443277,0,0,2.4824758511409724,0,0.11813186813186813,0.04896031106626492,0.0
BELI.JK,PT Global Digital Niaga Tbk,2026-09-16,Technology,Software & IT Services,New Economy,0,,,0,1,2026-09-11,6995135000000.0,-408352000000.0,9336174000000,9414947000000,18751121000000,3702772000000.0,-71356000000.0,-144340000000.0,2026-06-30,296,1168500,40616819763944,0.23806,78,1,0.0,0,0.5021004877521723,4,0,2.5245558224813016,0,0.270935960591133,0.053360020163835745,0.0
SRAJ.JK,Sejahteraraya Anugrahjaya Tbk,2026-09-16,Healthcare,Healthcare Equipment & Providers,Main,0,,,0,1,2026-09-11,657127000000.0,-154081000000.0,1091118000000,6530636000000,7621754000000,4262967000000.0,90941000000.0,-155705000000.0,2026-06-30,15600,10100,190927775844000,0.17232,78,1,0.0,0,0.8568416141481344,0,1,0.13368553277678608,0,0.0,0.045564042362041986,0.0
BRPT.JK,Barito Pacific Tbk,2026-09-16,Basic Materials,Basic Materials,Main,0,,,0,1,2026-09-11,55767627916000.0,1790061091000.0,116231165876000,222987460304000,339218626180000,153428599191000.0,2561024718000.0,-1392953877000.0,2026-06-30,1700,46176900,159370270674800,0.2859,78,1,0.0,0,0.6573561800397006,0,0,0.4624408393778996,0,0.1282051282051282,0.0397561230349505,0.0
TPIA.JK,PT Chandra Asri Pacific Tbk,2026-09-16,Basic Materials,Basic Materials,Development,0,,,0,1,2026-09-11,52713056172000.0,2454078193000.0,88856274185000,157543632988000,246399907173000,105799861363000.0,3593045260000.0,-707905450000.0,2026-06-30,1880,197416800,162641704772960,0.29412,78,1,0.0,0,0.6393818682625839,0,0,0.5738363335414487,0,0.17543859649122806,0.039014239366260674,0.0
UDNG.JK,PT Agro Bahari Nusantara Tbk,2026-09-16,Consumer Non-Cyclicals,Food & Beverage,Acceleration,0,,,1,1,2026-09-16,,,48190746814,6954165453,55144912267,,,,2026-06-30,486,0,850519474992,0.4901,78,1,,0,0.12610710883588683,0,1,2.3014042082424835,0,0.7408,0.0612573683362924,0.0
PACK.JK,PT Abadi Nusantara Hijau Investama Tbk,2026-09-16,Basic Materials,Basic Materials,Acceleration,0,,,1,1,2026-09-16,,,5194540056633,73912838529,5268452895162,817362404.0,,,2026-06-30,560,0,19103675220560,0.3819,78,1,,0,0.01402932511684291,0,13,1.2781609844784545,0,0.0,0.048036248828242,0.0
MDIA.JK,PT Intermedia Capital Tbk,2026-09-16,Consumer Cyclicals,Media & Entertainment,Watchlist,0,,,1,1,2026-09-16,141716426000.0,-8280082000.0,935495254000,2194222124000,3129717378000,3299889000.0,33342610000.0,31858578000.0,2026-03-31,197,247391400,7725461064800,0.12543,169,1,0.0,0,0.7010927374541996,0,7,0.7700792993295617,0,0.29642857142857143,0.09019858599489895,0.0
LUCY.JK,PT Lima Dua Lima Tiga Tbk,2026-09-16,Consumer Cyclicals,Consumer Services,Acceleration,0,,,1,1,2026-09-16,,,21071931970,47909736398,68981668368,1101724170.0,,,2026-06-30,334,77685900,505934480262,0.3968,78,1,,0,0.6945285252077915,0,1,2.48679670069487,0,0.7780730897009966,0.07308026864583388,0.0
MLPT.JK,PT Multipolar Technology Tbk,2026-09-16,Technology,Software & IT Services,Development,0,,,1,1,2026-09-16,938883000000.0,107929000000.0,745801000000,2990887000000,3736688000000,214118000000.0,73746000000.0,61837000000.0,2026-06-30,1160,4912900,54375000000000,0.1505,78,1,0.0,0,0.8004112197753732,0,0,0.28237837886576056,0,0.3974025974025974,0.07986376056592648,0.0
INET.JK,PT Sinergi Inti Andalan Prima Tbk,2026-09-16,Infrastructures,Telecommunication,Development,0,,,0,1,2026-09-16,383603471565.0,13658452028.0,3732955579367,1957595840407,5690551419774,1531576615350.0,1117195280.0,-432274458503.0,2026-03-31,316,264025600,7071370048488,0.40232,169,1,0.0,0,0.3440081102869194,0,0,2.182064205110709,0,0.1366120218579235,0.055760872049013505,0.0
MINA.JK,PT Sanurhasta Mitra Tbk,2026-09-16,Consumer Cyclicals,Consumer Services,Watchlist,0,,,1,1,2026-09-16,2245525100.0,312813236.0,250610826355,3039806857,253650633212,,315801422.0,-593887632.0,2026-06-30,260,17871900,2559375000000,0.4451,78,1,0.0,0,0.011984227354399482,0,0,0.8904227843184633,0,0.1390728476821192,0.03366158248938361,0.0
