symbol,company_name,sector,sub_sector,board,fetched_at,raw_response
BBCA.JK,PT Bank Central Asia Tbk.,Financials,Banks,Main,2026-09-11T07:54:17.046086+00:00,"{'board': 'Main', 'sector': 'Financials', 'symbol': 'BBCA.JK', 'sub_sector': 'Banks', 'company_name': 'PT Bank Central Asia Tbk.'}"
TLKM.JK,PT Telkom Indonesia (Persero) Tbk,Infrastructures,Telecommunication,Main,2026-09-11T07:54:17.046086+00:00,"{'board': 'Main', 'sector': 'Infrastructures', 'symbol': 'TLKM.JK', 'sub_sector': 'Telecommunication', 'company_name': 'PT Telkom Indonesia (Persero) Tbk'}"
ASII.JK,Astra International Tbk,Industrials,Multi-sector Holdings,Main,2026-09-11T07:54:17.046086+00:00,"{'board': 'Main', 'sector': 'Industrials', 'symbol': 'ASII.JK', 'sub_sector': 'Multi-sector Holdings', 'company_name': 'Astra International Tbk'}"
AMMN.JK,PT Amman Mineral Internasional Tbk.,Basic Materials,Basic Materials,Main,2026-09-11T13:51:51.491186+00:00,"{'board': 'Main', 'sector': 'Basic Materials', 'symbol': 'AMMN.JK', 'sub_sector': 'Basic Materials', 'company_name': 'PT Amman Mineral Internasional Tbk.'}"
IMPC.JK,PT Impack Pratama Industri Tbk,Industrials,Industrial Goods,Main,2026-09-11T13:51:51.491186+00:00,"{'board': 'Main', 'sector': 'Industrials', 'symbol': 'IMPC.JK', 'sub_sector': 'Industrial Goods', 'company_name': 'PT Impack Pratama Industri Tbk'}"
AADI.JK,PT Adaro Andalan Indonesia Tbk,Energy,"Oil, Gas & Coal",Main,2026-09-11T13:51:51.491186+00:00,"{'board': 'Main', 'sector': 'Energy', 'symbol': 'AADI.JK', 'sub_sector': 'Oil, Gas & Coal', 'company_name': 'PT Adaro Andalan Indonesia Tbk'}"
MGLV.JK,PT Panca Anugrah Wisesa Tbk,Consumer Cyclicals,Household Goods,Acceleration,2026-09-11T13:51:51.491186+00:00,"{'board': 'Acceleration', 'sector': 'Consumer Cyclicals', 'symbol': 'MGLV.JK', 'sub_sector': 'Household Goods', 'company_name': 'PT Panca Anugrah Wisesa Tbk'}"
SOHO.JK,PT Soho Global Health Tbk,Healthcare,Pharmaceuticals & Health Care Research,Development,2026-09-11T13:51:51.491186+00:00,"{'board': 'Development', 'sector': 'Healthcare', 'symbol': 'SOHO.JK', 'sub_sector': 'Pharmaceuticals & Health Care Research', 'company_name': 'PT Soho Global Health Tbk'}"
BELI.JK,PT Global Digital Niaga Tbk,Technology,Software & IT Services,New Economy,2026-09-11T13:51:51.491186+00:00,"{'board': 'New Economy', 'sector': 'Technology', 'symbol': 'BELI.JK', 'sub_sector': 'Software & IT Services', 'company_name': 'PT Global Digital Niaga Tbk'}"
SRAJ.JK,Sejahteraraya Anugrahjaya Tbk,Healthcare,Healthcare Equipment & Providers,Main,2026-09-11T13:51:51.491186+00:00,"{'board': 'Main', 'sector': 'Healthcare', 'symbol': 'SRAJ.JK', 'sub_sector': 'Healthcare Equipment & Providers', 'company_name': 'Sejahteraraya Anugrahjaya Tbk'}"
BRPT.JK,Barito Pacific Tbk,Basic Materials,Basic Materials,Main,2026-09-11T13:51:51.491186+00:00,"{'board': 'Main', 'sector': 'Basic Materials', 'symbol': 'BRPT.JK', 'sub_sector': 'Basic Materials', 'company_name': 'Barito Pacific Tbk'}"
TPIA.JK,PT Chandra Asri Pacific Tbk,Basic Materials,Basic Materials,Development,2026-09-11T13:51:51.491186+00:00,"{'board': 'Development', 'sector': 'Basic Materials', 'symbol': 'TPIA.JK', 'sub_sector': 'Basic Materials', 'company_name': 'PT Chandra Asri Pacific Tbk'}"
UDNG.JK,PT Agro Bahari Nusantara Tbk,Consumer Non-Cyclicals,Food & Beverage,Acceleration,2026-09-16T12:17:49.475862+00:00,"{'board': 'Acceleration', 'sector': 'Consumer Non-Cyclicals', 'symbol': 'UDNG.JK', 'sub_sector': 'Food & Beverage', 'company_name': 'PT Agro Bahari Nusantara Tbk'}"
PACK.JK,PT Abadi Nusantara Hijau Investama Tbk,Basic Materials,Basic Materials,Acceleration,2026-09-16T12:17:49.475862+00:00,"{'board': 'Acceleration', 'sector': 'Basic Materials', 'symbol': 'PACK.JK', 'sub_sector': 'Basic Materials', 'company_name': 'PT Abadi Nusantara Hijau Investama Tbk'}"
MDIA.JK,PT Intermedia Capital Tbk,Consumer Cyclicals,Media & Entertainment,Watchlist,2026-09-16T12:17:49.475862+00:00,"{'board': 'Watchlist', 'sector': 'Consumer Cyclicals', 'symbol': 'MDIA.JK', 'sub_sector': 'Media & Entertainment', 'company_name': 'PT Intermedia Capital Tbk'}"
LUCY.JK,PT Lima Dua Lima Tiga Tbk,Consumer Cyclicals,Consumer Services,Acceleration,2026-09-16T12:17:49.475862+00:00,"{'board': 'Acceleration', 'sector': 'Consumer Cyclicals', 'symbol': 'LUCY.JK', 'sub_sector': 'Consumer Services', 'company_name': 'PT Lima Dua Lima Tiga Tbk'}"
MLPT.JK,PT Multipolar Technology Tbk,Technology,Software & IT Services,Development,2026-09-16T12:17:49.475862+00:00,"{'board': 'Development', 'sector': 'Technology', 'symbol': 'MLPT.JK', 'sub_sector': 'Software & IT Services', 'company_name': 'PT Multipolar Technology Tbk'}"
INET.JK,PT Sinergi Inti Andalan Prima Tbk,Infrastructures,Telecommunication,Development,2026-09-16T12:17:49.475862+00:00,"{'board': 'Development', 'sector': 'Infrastructures', 'symbol': 'INET.JK', 'sub_sector': 'Telecommunication', 'company_name': 'PT Sinergi Inti Andalan Prima Tbk'}"
MINA.JK,PT Sanurhasta Mitra Tbk,Consumer Cyclicals,Consumer Services,Watchlist,2026-09-16T12:17:49.475862+00:00,"{'board': 'Watchlist', 'sector': 'Consumer Cyclicals', 'symbol': 'MINA.JK', 'sub_sector': 'Consumer Services', 'company_name': 'PT Sanurhasta Mitra Tbk'}"
